,Filename,Category
0,Img1001.jpg,Adults
1,Img1017.jpg,Adults
2,Img1020.jpg,Adults
3,Img1025.jpg,Adults
4,Img1038.jpg,Adults
5,Img1064.jpg,Adults
6,Img1071.jpg,Adults
7,Img1073.jpg,Adults
8,Img1077.jpg,Adults
9,Img1090.jpg,Adults
10,Img1093.jpg,Adults
11,Img1109.jpg,Adults
12,Img1114.jpg,Adults
13,Img1115.jpg,Adults
14,Img1122.jpg,Adults
15,Img1136.jpg,Adults
16,Img1137.jpg,Adults
17,Img1153.jpg,Adults
18,Img1154.jpg,Adults
19,Img1155.jpg,Adults
20,Img1156.jpg,Adults
21,Img1157.jpg,Adults
22,Img1168.jpg,Adults
23,Img1175.jpg,Adults
24,Img1182.jpg,Adults
25,Img1183.jpg,Adults
26,Img1186.jpg,Adults
27,Img1208.jpg,Adults
28,Img1212.jpg,Adults
29,Img1248.jpg,Adults
30,Img1252.jpg,Adults
31,Img1270.jpg,Adults
32,Img1279.jpg,Adults
33,Img1283.jpg,Adults
34,Img1286.jpg,Adults
35,Img1288.jpg,Adults
36,Img1298.jpg,Adults
37,Img1304.jpg,Adults
38,Img1305.jpg,Adults
39,Img1310.jpg,Adults
40,Img1311.jpg,Toddler
41,Img1331.jpg,Adults
42,Img1337.jpg,Adults
43,Img1338.jpg,Adults
44,Img1360.jpg,Adults
45,Img1369.jpg,Adults
46,Img1370.jpg,Adults
47,Img1382.jpg,Adults
48,Img1388.jpg,Adults
49,Img1389.jpg,Adults
50,Img1393.jpg,Adults
51,Img1401.jpg,Adults
52,Img1403.jpg,Adults
53,Img1415.jpg,Adults
54,Img1417.jpg,Adults
55,Img1439.jpg,Adults
56,Img1444.jpg,Adults
57,Img1448.jpg,Adults
58,Img1451.jpg,Adults
59,Img1466.jpg,Adults
60,Img1472.jpg,Adults
61,Img1474.jpg,Adults
62,Img1484.jpg,Adults
63,Img1488.jpg,Adults
64,Img1499.jpg,Adults
65,Img1530.jpg,Adults
66,Img1535.jpg,Adults
67,Img1541.jpg,Adults
68,Img1546.jpg,Adults
69,Img1562.jpg,Adults
70,Img1569.jpg,Adults
71,Img1573.jpg,Adults
72,Img1601.jpg,Adults
73,Img1612.jpg,Adults
74,Img1621.jpg,Adults
75,Img1628.jpg,Adults
76,Img1631.jpg,Adults
77,Img1647.jpg,Adults
78,Img1654.jpg,Adults
79,Img1699.jpg,Adults
80,Img1704.jpg,Adults
81,Img1716.jpg,Adults
82,Img1728.jpg,Adults
83,Img1733.jpg,Adults
84,Img1740.jpg,Adults
85,Img1746.jpg,Adults
86,Img1753.jpg,Adults
87,Img1766.jpg,Adults
88,Img1771.jpg,Adults
89,Img1776.jpg,Adults
90,Img1780.jpg,Adults
91,Img1787.jpg,Adults
92,Img1792.jpg,Adults
93,Img1794.jpg,Adults
94,Img1797.jpg,Adults
95,Img1806.jpg,Adults
96,Img1811.jpg,Adults
97,Img1819.jpg,Adults
98,Img1823.jpg,Adults
99,Img1826.jpg,Adults
100,Img1839.jpg,Adults
101,Img1844.jpg,Adults
102,Img1847.jpg,Adults
103,Img1850.jpg,Adults
104,Img1851.jpg,Adults
105,Img1864.jpg,Adults
106,Img1868.jpg,Adults
107,Img1872.jpg,Adults
108,Img1875.jpg,Adults
109,Img1909.jpg,Adults
110,Img1915.jpg,Adults
111,Img1922.jpg,Adults
112,Img1925.jpg,Adults
113,Img1928.jpg,Adults
114,Img1931.jpg,Adults
115,Img1950.jpg,Adults
116,Img1951.jpg,Adults
117,Img1955.jpg,Adults
118,Img1971.jpg,Adults
119,Img1981.jpg,Adults
120,Img1989.jpg,Adults
121,Img2017.jpg,Adults
122,Img2018.jpg,Adults
123,Img2040.jpg,Adults
124,Img2046.jpg,Adults
125,Img2055.jpg,Adults
126,Img2061.jpg,Adults
127,Img2073.jpg,Adults
128,Img2081.jpg,Adults
129,Img2082.jpg,Toddler
130,Img2085.jpg,Adults
131,Img2090.jpg,Adults
132,Img2125.jpg,Adults
133,Img2134.jpg,Adults
134,Img2145.jpg,Adults
135,Img2151.jpg,Adults
136,Img2154.jpg,Adults
137,Img2155.jpg,Adults
138,Img2190.jpg,Adults
139,Img2192.jpg,Adults
140,Img2196.jpg,Adults
141,Img2216.jpg,Adults
142,Img2220.jpg,Adults
143,Img2227.jpg,Adults
144,Img2228.jpg,Adults
145,Img2229.jpg,Adults
146,Img2235.jpg,Adults
147,Img2247.jpg,Adults
148,Img2255.jpg,Adults
149,Img2267.jpg,Adults
150,Img2270.jpg,Adults
151,Img2286.jpg,Adults
152,Img2294.jpg,Adults
153,Img2297.jpg,Adults
154,Img2301.jpg,Adults
155,Img2307.jpg,Adults
156,Img2311.jpg,Adults
157,Img2316.jpg,Adults
158,Img2318.jpg,Adults
159,Img2351.jpg,Adults
160,Img2363.jpg,Adults
161,Img2365.jpg,Adults
162,Img2369.jpg,Adults
163,Img2391.jpg,Adults
164,Img2406.jpg,Adults
165,Img2420.jpg,Adults
166,Img2426.jpg,Adults
167,Img2439.jpg,Adults
168,Img2445.jpg,Adults
169,Img2447.jpg,Adults
170,Img2454.jpg,Adults
171,Img2455.jpg,Adults
172,Img2465.jpg,Adults
173,Img2478.jpg,Adults
174,Img2485.jpg,Teenagers
175,Img2501.jpg,Teenagers
176,Img2502.jpg,Teenagers
177,Img2524.jpg,Teenagers
178,Img2586.jpg,Teenagers
179,Img2602.jpg,Teenagers
180,Img2618.jpg,Teenagers
181,Img2629.jpg,Teenagers
182,Img2642.jpg,Teenagers
183,Img2672.jpg,Teenagers
184,Img2677.jpg,Teenagers
185,Img2685.jpg,Teenagers
186,Img2704.jpg,Teenagers
187,Img2813.jpg,Teenagers
188,Img2863.jpg,Teenagers
189,Img2885.jpg,Teenagers
190,Img2924.jpg,Teenagers
191,Img2940.jpg,Teenagers
192,Img2954.jpg,Teenagers
193,Img2967.jpg,Teenagers
194,Img3024.jpg,Teenagers
195,Img3026.jpg,Teenagers
196,Img3033.jpg,Teenagers
197,Img3034.jpg,Teenagers
198,Img3051.jpg,Teenagers
199,Img3074.jpg,Adults
200,Img3081.jpg,Teenagers
201,Img3096.jpg,Teenagers
202,Img3114.jpg,Teenagers
203,Img3120.jpg,Teenagers
204,Img3128.jpg,Teenagers
205,Img3142.jpg,Teenagers
206,Img3148.jpg,Teenagers
207,Img3171.jpg,Teenagers
208,Img3194.jpg,Teenagers
209,Img3211.jpg,Teenagers
210,Img3222.jpg,Teenagers
211,Img3247.jpg,Teenagers
212,Img3350.jpg,Teenagers
213,Img3353.jpg,Teenagers
214,Img3356.jpg,Teenagers
215,Img3374.jpg,Teenagers
216,Img3382.jpg,Teenagers
217,Img3413.jpg,Teenagers
218,Img3429.jpg,Teenagers
219,Img3433.jpg,Teenagers
220,Img3459.jpg,Teenagers
221,Img3469.jpg,Teenagers
222,Img3496.jpg,Teenagers
223,Img3550.jpg,Teenagers
224,Img3603.jpg,Teenagers
225,Img3606.jpg,Teenagers
226,Img3629.jpg,Teenagers
227,Img3633.jpg,Teenagers
228,Img3657.jpg,Teenagers
229,Img3660.jpg,Teenagers
230,Img3669.jpg,Teenagers
231,Img3687.jpg,Teenagers
232,Img3731.jpg,Teenagers
233,Img3740.jpg,Teenagers
234,Img3741.jpg,Teenagers
235,Img3823.jpg,Teenagers
236,Img3835.jpg,Teenagers
237,Img3881.jpg,Teenagers
238,Img3907.jpg,Teenagers
239,Img3917.jpg,Teenagers
240,Img3922.jpg,Teenagers
241,Img3931.jpg,Teenagers
242,Img3942.jpg,Teenagers
243,Img3968.jpg,Teenagers
244,Img3976.jpg,Teenagers
245,Img3978.jpg,Teenagers
246,Img3983.jpg,Teenagers
247,Img4105.jpg,Toddler
248,Img4163.jpg,Toddler
249,Img4179.jpg,Toddler
250,Img4218.jpg,Toddler
251,Img4328.jpg,Toddler
252,Img4339.jpg,Toddler
253,Img4513.jpg,Toddler
254,Img4549.jpg,Toddler
255,Img4606.jpg,Toddler
256,Img4628.jpg,Toddler
257,Img4834.jpg,Toddler
258,Img4934.jpg,Toddler
259,Img4982.jpg,Toddler
260,Img5052.jpg,Toddler
261,Img5066.jpg,Toddler
262,Img5086.jpg,Toddler
263,Img5128.jpg,Toddler
264,Img5140.jpg,Toddler
265,Img5148.jpg,Toddler
266,Img5182.jpg,Toddler
267,Img5245.jpg,Toddler
268,Img5335.jpg,Toddler
269,Img5336.jpg,Toddler
270,Img5354.jpg,Toddler
271,Img5456.jpg,Toddler
272,Img5576.jpg,Toddler
273,Img5578.jpg,Toddler
274,Img5656.jpg,Toddler
275,Img5667.jpg,Toddler
276,Img5694.jpg,Toddler
277,Img5705.jpg,Toddler
278,Img5747.jpg,Toddler
279,Img5768.jpg,Toddler
280,Img5852.jpg,Toddler
281,Img6051.jpg,Toddler
282,Img6057.jpg,Toddler
283,Img6068.jpg,Toddler
284,Img6122.jpg,Toddler
285,Img6153.jpg,Toddler
286,Img6271.jpg,Toddler
287,Img6290.jpg,Toddler
288,Img6376.jpg,Toddler
289,Img6426.jpg,Toddler
290,Img6454.jpg,Toddler
291,Img6458.jpg,Toddler
292,Img6559.jpg,Toddler
293,Img6615.jpg,Toddler
294,Img6695.jpg,Toddler
295,Img6871.jpg,Toddler
296,Img6896.jpg,Toddler
297,Img6949.jpg,Toddler
298,Img7078.jpg,Toddler
299,Img7126.jpg,Toddler
300,Img7130.jpg,Toddler
301,Img7147.jpg,Toddler
302,Img7195.jpg,Toddler
303,Img7243.jpg,Toddler
304,Img7345.jpg,Toddler
305,Img7417.jpg,Toddler
306,Img7434.jpg,Toddler
307,Img7560.jpg,Toddler
308,Img7678.jpg,Toddler
309,Img7681.jpg,Toddler
310,Img7683.jpg,Teenagers
311,Img7862.jpg,Toddler
312,Img7867.jpg,Toddler
313,Img7976.jpg,Toddler
